{
  "project_info": {
    "project_number": "8273694022",
    "firebase_url": "https://redhorizonvbr-6ab33.firebaseio.com",
    "project_id": "redhorizonvbr-6ab33",
    "storage_bucket": "redhorizonvbr-6ab33.appspot.com"
  },
  "client": [
    {
      "client_info": {
        "mobilesdk_app_id": "1:8273694022:android:6e15d347cdfbc2bc04e947",
        "android_client_info": {
          "package_name": "com.smalsus.redhorizonvbr"
        }
      },
      "oauth_client": [
        {
          "client_id": "8273694022-uqnhuvudl1o1f2boq466lg4delr7nahd.apps.googleusercontent.com",
          "client_type": 3
        }
      ],
      "api_key": [
        {
          "current_key": "AIzaSyDttUebNFsZsOks4uiWuT4c6-lTYN55Z4M"
        }
      ],
      "services": {
        "appinvite_service": {
          "other_platform_oauth_client": [
            {
              "client_id": "8273694022-uqnhuvudl1o1f2boq466lg4delr7nahd.apps.googleusercontent.com",
              "client_type": 3
            }
          ]
        }
      }
    }
  ],
  "configuration_version": "1"
}